,VibX,VibY,VibZ
0,-1.005127,0.038574,1.005188
