,Unnamed: 0,VibX,VibY,VibZ
0,0.0,-1.005127,0.038574,1.005188
0,,-3.005127,0.038574,1.005188
