,VibX,VibY,VibZ
0,-0.005127,0.038574,1.005188
