,VibX,VibY,VibZ
0,-2.005127,0.038574,1.005188
